Customer feedback sentiment,Feedback Topic,Topic mentions in Category,Topic mentions in top selling products,Customer feedback examples
negative,not what i am looking for,65,21,"it is not the item i wanted to buy,not what i am looking for,doesnt match what i was looking for,it not what i was looking for,this is not what i was looking for its complete different"
negative,misleading picture,23,3,"even then image in silhoutte is misleading,the picture and description is misleading,this is so misleading,misleading information in description,the images were misleading"
negative,local product,158,35,"the quality is that of a local product,it looks like a very local product,local product type of quality in logo,i think theyve given some local brand product,product is more of a local item"
positive,color as shown,432,122,"i really luv the quality and its color is as its shown in picture,especially the color is exactly the same as been shown,i got exactly same product as shown in picture exact color as shown,exactly the same color as shown in the picture,its got the style and color is aso as shown in the picture"
negative,bag is very light,25,7,"item is damaged and also seems like used product because one of the bags color is lightened,the stuff of the bag is very light,i thought its because of new one but the quality of stitches inside the bag are too light,the color of the bag is too light,the color of the bag is light in shade"
positive,beautiful than picture,15,1,"it is so beautiful than that of the picture,it was more beautiful than the picture on amazon,amazing product which very beautiful than shown in the image,its looking more beautiful than the picture,yes it looks prettier than what is shown in pic"
positive,good pouch,35,8,"good one with four other pouches and its utility is gr,product is very good looking bright in color good pouches quite useful for shopping,nice pouch i like this very much thank you,the bag looks classy and pouch look is great,all pouches are really cute and useful"
negative,not as shown in picture,13786,4341,"this is not even close to what is in the pictures,this is not even close to what is being shown,also it is not at all like it is shown in the image,this is not at all what ut look like in image,the item does not appear the way it was showing in picture"
positive,good shine,43,13,"only + ve thing is that it looks good but,the color is very good and has a shine to it,its shine and look capture everyone s attention immediately,the shine is beautiful,looks great and very good quality"
negative,not safe to carry things,163,74,"the material is not good and also it is not strong enough to keep many items,does not look good to carry,does not look good to carry,item is not strong for daily use,not safe for carrying valuable items"
negative,narrow product,761,313,"very small and poor quality product pls return its request,very small and looks very dull compared to website description,very poor quality and very small,very small and quality also is not that good,material quality is poor and very small sizes"
negative,smaller bag,415,119,"the size of the delivered bag is smaller than normal hand bag and even that shown on the photo,the bag shipped is smaller in size than mentioned in website,website says length cms truth cms website says height cms truth cms website says width cms truth cms bag is much smaller in reality than what is mentioned on the website,the size of the bag is very small as compared to the image shown on the site,the size of bag is smaller than it looked on website"
positive,nice clear,13,,"good quality and clear is good can go with this,very nice quality and nice clear,this review is post few months of use and it was found to be in same pristine conditions,like the clear same as pictures,admire its clear"
negative,small hole in bag,146,63,"bags has small holes over front and back,bags also have a tiny hole at the base,the bag delivered to me has a small hole in it,there is small hole near handle of the bag,notice a small hole on the surface of the bag"
positive,bag with many compartments,73,16,"go for it if you are looking for a bag which can fit many things that can be stored in different compartments,i searched for many bags but this bag is really spacious with its 3 compartment,the bag has nice compartments with a large zip divider section for all the necessary belongings,the bag is divided into perfect compartments with a large zip divider,a really spacious bag with lot of compartments"
positive,good compartments,156,39,"it is spacious and has a number of compartments so it is very useful to me,it has good storage with enough number of compartments,very handy and has many compartments to organize the stuff,its the perfect size with many useful pockets compartments,this brand is love super classy range with spacious compartments"
positive,looks better than picture,69,16,"this product is even better than so - called branded products,this looks much more better than in pictures,its looking better in picture than the real one,looks better in real than the picture,accordingly this is more cheaper than local market i am happy"
positive,looks awsm,45,12,"look was awsm,looking awsm beg,look is awsm,stuff is awsm,it is a excellent bag looking very rich and the problem is weight of the bag otherwise its awsm"
positive,spacious product,1655,270,"the material is actually great and it is quite spacious too,product is very good and the more importantly it is very much spacious,can put a lot of stuff as it is very spacious,the pattern on it looks very beautiful the best part is that its very spacious,its fancy and spacious at the same time and it also has an inner cloth"
negative,threads coming,172,43,"seems like the threads have come out and so is the coloring,multiple threads are coming out here and there,threads are coming out from the sides and corners,thread has come out at sm place,product looks used its thread on the start are all coming out"
positive,good on online,17,5,"i like this product because it looks same as seen in online,go for it guys you can trust this online purchase,its one of the best online shopping experience i ve had highly recommended wont get disappointed with this,very good app for online shopping,best online shopping experience this is"
positive,long lasting,50,10,"hopefully this is amazing and long lasting too,it sure seems very long lasting,but material is thick and i think it will last long,the material is long lasting,very good long lasting"
negative,leather is torn,452,114,"its damaged and torn its clearly visible the leather is damaged,need same product but leather has been torn in some places,item is damaged with torn leather and stitches came out,its leather is torn we have to return it,product is teared up n its leather is having cracks n also its different product though"
positive,good thickness,55,25,"quality is very good as well as thickness is good,the quality and thickness are good its as it is shown in the picture,the product is good in terms of thickness outside,value for mony and quality of material and thickness are,thickness is awesome may be it will last long"
positive,soft bag,62,12,"as shown in pic soft n very pretty looking bag,turned out to be a very soft material bag,bag in the pic appears to be of very soft material,the quality of bag is too gud very soft no pain on shoulders very cute bag,the product was same as shown in picture and the bag was really soft i suggest people to buy in this rate its worth"
negative,hard bag,73,23,"the material of the bag is very hard and its very heavy,the material is hard of which the bag is made,the bag is very stiff and hard and there is no comfort in wearing it,logo on bag is different + zips are too hard,bag material is too hard and looks rough"
negative,bad smell,791,296,"it is very smelly and the quality is very bad,product quality is very poor and its smelling very bad,there is peculiar bad smell that does not go hence cancelling,quality is not good and having very bad smell,belt missing and very bad quality with foul smell inside"
positive,laptop fits,38,9,"my laptop fits real well among with a couple of books a bottle boxes its spacious,my laptop fits in perfectly leaving space for few more items,easily accommodates laptop of 14 inch sturdy and attractive,its so spacious can keep a laptop inside,my laptop size 17 inches fits in perfectly"
negative,zip inside the bag,239,113,"their is not a single zip inside as well as outside this bag is without zip,poor comfort only one zip no zips are avaliable inside,both sides open and it doesnt have inner zip pockets,the zip inside is glued and is coming off with wet glue sticks to the hand,no zip or pocket is inside secondly big purse after zipping both sides are open"
positive,holds many things,50,9,"more varieties and combo pack bundles are needed for choosing,can hold a lot of things and has good strength,enough inner space to accommodate many things,can accommodate a lot of things,holds quite number of items"
positive,color and design,74,10,"product is really good specially color and design,nice design and color and very much strong,most fascinating is design and color,design and color is very nice and attractive,nice quality lovely design and color"
negative,looks worn,138,28,"i think its a very old worn out piece,looks really old and worn out like its repolished,product is old and worn out on the sides,it looks very old and worn out type,the hand back is worn out and looks like an used one"
negative,belt is not good,38,10,"i dont like its look also belt material is not good,long belt is missing also not good quality,inside material not well and belt system not as requirement,the material is very bad and the belt is not good also very bad looking too,belt hooks are on either side that doesnt look good"
negative,heavy weight product,1158,369,"too big and so heavy also looked shop soiled,size is very large and it is very heavy also,product is very heavy being aged i could not lift,it is too heavy without any stuff inside of it,also its too heavy without anything put inside it"
positive,space to carry,34,8,"their quality is too good many space to carry more items,looks smart to carry enough space to carry useful stuff,most importantly it has enough space so to carry all my important stuff,has enough space to carry enough stuff,enough space to carry so many things"
negative,cut mark,244,85,"it is cut and is coming out,there is a cut marks on it,this item is cut in the side,the item is worn out and there are cuts at several places,there seems to be a cut on the side"
negative,size issues,29856,9059,"item too large as expected and image shown in the screen,not as seen as in picture this is too small,size very small and color design and style different from the site image and description,the item was too small and not as per my expectation,item is too large as compared to what is shown in picture"
positive,traditional occasions,11,,"very much suitable for traditional occasions as well,can be carried on western and traditional outfit both,it goes well with traditional wear and good for gifting as well thanks,it can be carried on western and traditional outfit both,goes with both traditional and western outfit"
positive,looks simple,78,20,"i like this product is looks very simple and unique,looks classy as very comfortable for use great for casual use,i like it its simple n latest,its a simple and fashionable design and good quality and very nice material,from outside its so nice n fancy that it doesnt look like boring while carrying"
positive,beautiful i love,47,14,"beautiful i like it very much same as show in picture,its beautiful as shown in picture i love it i am so,its so beautiful i like it very much,i like it very much its very beautiful,i must say its adorable i loved it"
negative,chain is broken,417,140,"chain is broken and item looks like it is used,the chain is broken and the ribbon is also missing,it is very stiff and the middle chain is also broken,return due to chain accessory is found broken,chain is damaged and it is torn on the side"
negative,bag size is not comfortable,167,42,"the size of the bag is not suitable for my requirement,does not fit for my use with the size bag has,not looking good and the size of the bag is also not ok for me,size of the bag we have expected is not matching,size of the bag is not able to meet my requirements"
negative,zip not available,320,90,"one of the zip is not opening at all,the products have zip issue the zips are not opening,zip not close one time open then they are not close,due to no zip available its have been returned,it is not shap because it is not available the zips bay"
negative,no space,48,17,"no space is there,it has no space,there is no space,no space in inner side,there is no much space"
negative,design not the same,52,9,"not need since it is not matching the design as shown in the picture,design which i saw on poster and the item delivered is not same i am not liking it,even the design was not same,also the design not the same,design also not as in the pic"
negative,hard material,523,177,"the material is too hard and thats what i dont need,its too hard material and heavy item,inside the cloth is tissue paper cloth and it is very hard,very big in size and material is very hard,material used is very hard and chance of getting it damaged is high"
negative,bag handle not attached,81,26,"bag handle not attached to bag and there no scope to attach as well,the bag handle is stiff its not flexible at all,a handle bolt is missing due toh which the bag can not be used properly,the handle of bag is twisted twice which makes it unable to carry in hands or shoulder,the handle of the bag is not fixed"
positive,big to carry,14,2,"its quite big to carry all your useful stuff,plus size to carry a lot of stuff,it is too much spacious and large for carry many things,big and carry lot of things,big enuf to carry lots of stuff"
positive,baggit product,92,8,"its wonderful all my baggit collections are just wow,she loves baggit bags and this too she liked it,product is good quality as we expect baggit to be,last yr my bag from baggit was awesome,i have always been a fan of baggit company"
positive,nice pattern,13,3,"very nice quality and beautiful pattern,i liked the decorative pattern in design,the pattern is very beautiful,i loved the pattern design and texture of the bag,the pattern is lovely"
positive,nice black,42,8,"black is sexy and i could live fine knowing she loved it,wonderful bags i ordered black color and it seems amazing i loved it,the material is thick and perfect and i really like the shade of black that they have chosen,due to its black in color it matches with most of the clothes and also the decorations with golden color increases its beauty,i ordered the black one and i must say all the three bags are so good"
positive,carry lunch box,17,5,"perfect for carrying lunch box and bottle 1 ltr,very spacious we can carry lunch box snack box water bottle a wallet and few more items,bag is very nice for lunch box and water bottle,very good for carrying for lunch boxes and daily use products,very useful as good size lunch bag"
positive,design and material,39,10,"material and design is also good,very good quality product material and design,it is very stylish and have been used good materials,very good design and material,design and material are good"
positive,color n size as shown,14,4,"color n quality n size as shown in pictures,superb quality and same color n size as shown in the pic,the color n size looks like the same as shown in picture,same color n size as shown in the picture,its exactly the same size n color as shown"
positive,carry daily,30,7,"very good for daily purpose can carry so many things,i carry it every freaking day it holds so much stuff,out size is also perfect you can carry all your daily needs in one go,it help to carry daily routine stuff,i can carry it for one day travel"
negative,belt is damaged,97,37,"it is damaged from side of the belt,item is damaged on belt side,the belt is damaged from corner,its damage product on belt side,there is some damage in belt"
positive,excited for this product,232,64,"the quality and quantity is really nice and i absolutely love it,good product i loved it,getting after she liked it very much wow,every thing is awesome in this u can go for it guys,i love this very useful for me"
negative,hand bag,142,26,"i order hand bag but you sent kit bag,is this the hand bag what we have ordered,the 3rd picture shows how the bag was received,in the image it is showing handbag,it is different i order bag pack but it comes hand bag"
positive,smooth finish,44,12,"the inside outside material is of fine quality and smooth to feel,the quality of the material is soft and very smooth to touch,the inner outer material was very smooth,awesome one material is so soft smooth finish,the texture is smooth as well"
negative,upset with this situation,99,39,"it looks like somebody has used it annoyed,because of this i am very upset,we are so upset for your returning process,really not happy to look this,im extremely upset and annoyed"
positive,nice small bag,149,34,"nice bag but little small though good for those who are looking for a small bag,the small bag provided with it is also wonderful,i want a small bag this one suits my expectation,small purse loved it best purchase must buy for comfort design quality quantity,very nice this bag i order small bag but its came big it is nice i am using"
positive,good capacity,25,,"it is good in capacity and everything is nice,looks good and its capacity is also good,capacity is really good,great quality and capacity,capacity is good too"
negative,zips are less,68,31,"it is damaged and its zip size is less,main zip is placed at a lower level than the two side zips,zips are very less and comparably small bag,there is very less zip,zips are not so many"
negative,color is different from pic,597,213,"even the color seen in the pic is different,also its of different color from what is shown in the pic,the color in the pic and real color is very different,color and material differ as in pic and description,color in the pic is different as to what received"
negative,not bright,32,2,"it is not bright as seen in the image,does not look bright in real,very pale in color not bright like image,it is not bright as shown in pic,my photos wont do justice due to lighting"
negative,looks like duplicate,231,37,"looks like a duplicate copy of lino,item supplied is second copy or may be duplicate,i already have the original so i know its totally duplicate,item got duplicated as got same 2 pieces,in first look we are concluded thats duplicate"
negative,received incomplete item,245,117,"missing item also different from what was ordered,different from item ordered partial quantity was missing,different from item ordered 1 quantity is missing,part or accessory missing from product box price is not available,different from item ordered partial item missing"
negative,not sturdy,481,148,"not flexible and can not accommodate even basic stuff,it is not sturdy neither spacious,it is not durable and seems like showpiece,not durable and not as i expect,also it us not sturdy"
positive,spacious and stylish,68,21,"must buy as it is very fancy and spacious,ok to purchase for a decent look and spacious aspect,its spacious as well as stylish,spacious at the same time stylish,very spacious and elegant must buy"
positive,good stitching,156,40,"as it is amazing beautiful extremely good stitching work very nice,the material and design is good and stitching is also good,excellent stitching and the inner bag is also good,stuff is good strong and sturdy stitching also up to the mark,the design pattern and stitches are all so nicely done that it looks like one masterpiece"
negative,strap is not good,380,102,"item was not good and i didnt get strap also,the strap is not stitched properly doesnt look in a good condition,when the secondary strap is used primary straps were not looking good on me,straps are not strong very poor product not useful,strap was not in a proper shape giving it a bad look"
negative,not as per description,123,42,"it wasnt mentioned in the description,as not like in the description,not looking as per description,quality is not as per as description not good quality,not as per the description"
negative,stitching is open,158,53,"its stitching is getting opened from the sidway of the beg,i saw that its stitch was opening from many places,first thing the stitch around the opening has opened up,stitching thread is going to be open from front,the stitch is open at the back"
positive,looks classic,40,15,"it has a classic look very nice product,its a great use and looks classic,good quality and looks classic,kept it by its classic rich look,looks very elegant and classic"
positive,green color,24,7,"best product can buy this product without any doubt color green is same as in pic,the color green is the best as i ordered it and it looks fabulous,green color looks very rich and the material quality is also nice,the color is perfect green on the darkest side,green color is awesome looks very elegant"
positive,soft material,315,60,"must buy this product very pretty and very soft,nice product same as pic quality is good material is soft,this is a very good product very soft and fury as per the image,very soft handles and color is very soothing suits any fashion,it is made from a very nice soft stuff"
positive,zips and compartments,18,3,"it is big enough to store all the required stuff with extra pockets and zips,all the zips were good spacious compartments easy to carry,awesome a beautifully designed hand bag with three zipped compartments,very cute spacious bag which has many zips to fit the always wanted things,multiple compartments with very good quality zip"
positive,leather quality,910,167,"excellent product and quality of leather is too good vfm,the product is absolutely same as shown and the leather quality is amazing,the leather is of good quality and the stiches are perfect,i loved the product and the leather quality is too good -,used good quality leather color same as shown in the picture nice"
negative,worn out stitching,33,12,"the product looks very old and stitching is worn out from corners,with stitches visible and stitched area of haldles worn out,4 - looks old and used as the logo stitched to it is fading and nearly rusting,worn out stitching at bottom,the stitches are worn out"
positive,red color,38,7,"very nice bright red color as shown in the picture size is appropriate neither too big nor small,i love love it so much color is awesome red i like it,actually it was nice product and i purchased red black combination,rich red color and attractive look which made me to buy the bag,still inside of it is red which looks good"
negative,loose material,63,16,"its very loose even after putting stuff in it,after looking this it looked beautiful but after receiving it is very loose type of material,here and there there is loose stretches,one of the screwed seemed very loose,quality is very loose"
negative,dark color,272,89,"moreover it has many dark spots making it too much untidy,it used and there are so many dark spot on it,moreover there are many dark spots making ut untidy enough,its been used there are dark spots on the belt as well not a fresh product,color is also very dark unlike shown in pictures"
negative,material is not good,6393,2458,"item does not look good and material is also not worth it,the quality is not good and even material is not good,material is not good and it doesnt look good either,its not of good quality and material hard not good want to return,what is showing its not perfect and material is also not good"
positive,good condition,191,61,"i must say that the quality is very good and very much reliable,good quality and received in good conditions,its a helpful product and with good condition,the quality seems decent at the first glance lets see how it performs,received it in a good condition"
negative,purse design,168,68,"in this picture its shown that there are holding belt in purses,the purse is pressed from the bottom even after leveling it remains pressed,its roughly type of purse,i want diff type of purse,handles of the purse is unstitched"
negative,color design,1103,288,"color is deemed and it looks someone has used it,color from the material is coming off,actually show color site something but really some,color difference as in image than reality 2,color showed in pic and real has huge difference"
negative,dust on product,192,32,"even after that the item is covered with dust and defected,it looks like used dirty and lots of dust,it is like used product dust on it,its a used piece with chips off and dust and all,the item ie the bag when received had dust on it"
negative,small pockets,231,70,"its too small n front pocket is too narrow to accommodate anything,overall size is too small and also the pocket is very small,due to small outer pocket i have returned it,very small in size as well as pockets,back pocket is very small size is also small"
positive,looks luxurious,31,9,"the whole combo is in vogue and gives u a lavish look,look wise its a classy timeless piece which will last me a lifetime,gives you that feel of luxury like any expensive brand,look classy and expensive and i liked it very much recommended,this is so sophisticated and luxurious"
negative,short length,551,155,"its so long in image but i got it it is too small,its very short gap also too short thats y return it,there is no other place and length is short,width and length are short so returning,its too short and not comfert"
positive,trust worthy,23,6,"u can trust n go for it,trust me on that front,is a trustworthy brand,we are trusting u,i just wish it goes fine"
positive,color and material,95,27,"it is the same what i expected in the form of color and material,material is too good also color is amazing really like it,very good material and color and everything as described,it is good in material and nice in color,i love this color n really good quality material is also nice"
positive,good finish,348,75,"as it is shown in image wonderful quality and finishing,it looks very descent and finish is so good,finishing is very fine and the stuff is really good,brilliant finishing and look - n - feel,about tis product finishing s too good over all superb product"
negative,hook is broken,121,43,"it is stained and the hook is also broken,its damaged and hook is broken,item is faulty part of the hook is broken and missing strap is broken,a hook was discovered to be broken,the hook of the handle is broken"
positive,spacious to carry,27,4,"its quite spacious and thus fits all the needful items that you would want to carry with you,the color is so eye catching and its enough spacious for all thing to carry,spacious enough to carry everything you need,very spacious to carry more items,spacious enough to carry the necessary things"
negative,faded from many areas,83,32,"its faded as if it has been used,the color is much faded than it looked in the picture,faded material cuts in the fabric and used look,the color is faded from somewhere having white spots,faded from many areas sharp fold line"
positive,good formal,39,3,"for formal as well casual look it really suits your personality,elegant stylish goes very well for formal as well as informal look,will look great with chic or semi formal looks or semi casual,can use it with formal wear as well as with party wears,perfect size perfect color formal and stylish at the same time"
positive,fits everything,47,9,"it fits all of my essentials comfortably,look is perfect for all age group,it is very good suitable for me,every things was so nicely placed,its same as it is and perfect for me"
positive,can blindly go,29,7,"its just awesome guys just go for it blindly,we can blindly go for it,u can blindly go for it,super product you can buy it blindly,any one can purchase blindly this product"
negative,no inner lining,398,138,"there is no inner lining at all,this is not the item which was showed in images,its not hide sign at all,its not quilleted first of all please,there is no inner lining cloth in the inner side"
positive,gold color,23,7,"nice vibrant gold with a slightly textured surface,i ordered for gold color but i got brown color but still i am happy with the product,the gold detailing makes it really pretty,magnificent piece with nice finishing the gold color is grand but not gaudy,gold color is looking good in picture"
negative,less space,226,82,"also the space is very less,therefore the mouth open very little and hence the space is reduced,not good and less space,inside space is very less,inside space is very less"
negative,zip quality,1317,457,"product quality is poor plus only 1 zip,material quality poor and zip quality also very poor,poor product quality zip not closing fully it is open,the zip quality is very low that it doesnt work or not closing properly,this is having only one shape and zips or very very bad"
negative,no brand mentioned,142,54,"not inclunding any brand info or logo even,issuing as ari said no action,i didnt t linked it at all,no brand name mentioned no slips nothing,previously request for return no any response from your end"
positive,lavie product,65,15,"lavie is a good brand one must go for,lavie from my previous experience is a good brand,with the brand of lavie this bag has lot to give for a woman who liked it and loving it,quite spacious with lavie brand over it,after all its good one in lavie"
negative,bad quality,6425,2142,"doesnt look good as looked at quality is also not satisfied,quality is not good and not expected this bad,quality is not at all good and did not like it,the stiches are opening and the quality is not good,the look was not up 2 the mark n its quality is not satisfactory either"
negative,deserve a star,21,6,"was not supposed to give even one star,not even worthy for 1 star,even doesnt deserve 1 star also,there is no option to give zero star so i have to give one star,it doesnt have a star"
negative,old bag,695,185,"didnt ike the look also the bag is old fashioned so returning it,also the bag l received is old and has stiches on corners,it seems like the bag is too old or its used,has stains on the bag n also looks very old,the metal zip holder is looking very old and bag is also looking very old and looks used"
positive,favorite brand,20,,"one of my all time favorite brand,this is one of my latest favourite,it is my favorite among all,one of my favorite purchases,oh this ones my favourite too"
negative,leather quality,869,295,"said leather but not leather unfinished item very bad quality,it is neither leather nor durable as mentioned in the product description,the quality of the surrounding leather is a folded line,the leather part is distorted and dirty,leather / rexeen tearing looks damage or poor quality"
negative,strap size is small,231,104,"strap size very small and product color is of different color,the sling strap is too small an uncomfortable to wear,straps are too small to hand around the arms,the strap length was too small and non adjustable,bag is too small n too narrow i want to return this bag"
negative,product color is not matching,56,23,"color of the product looks different which is not looking good to me,color and quality of the product is not matching with the picture shown,color of the product and quality does not match from website photo,color is not matching what we have seen on the product while buying,color not match look like different product"
positive,medium size bag,22,4,"very nice medium size bag for all purpose use,go for it if you wish to have a medium sized bag,its a nice medium sized bag not too small or not too big,i say its a medium size lovely bag,exactly a medium bag who are looking for"
negative,normal size,30,9,"since i wanted a normal size i had to return it,please mention the correct size of the items,i was expecting the normal size,i thought it would be a normal size bag,i need normal size for official use"
negative,color not same,903,280,"the color of the item does not match the image,not look like a mentioned photo color is totally different,does not look what i saw color is different,item is damage and also color is not same,color and the material is not shown as in the image"
positive,space for all your essentials,13,2,"it has enough space for all of your essentials,has space for almost all the essentials,fits all my essentials including my large phone,i can fit all my cards and passbook or passport,more than enough room for all the things"
negative,not the original baggit,38,1,"also it seems that its not an original baggit product,this is not original product from baggit,not an original baggit bag duplicate order received,this does not look like a baggit product,this is not original baggit product"
negative,no compartments,183,76,"does not looking good there is not any compartment in side,there are no compartments in the item,both items doesnt have any inner compartments,there are no compartments looks priced for this,its not have any pockets and sections for various items"
positive,original product,178,27,"product is original looks as it is as displayed,the quality is up to the mark and original product exactly seems like the one shown in images,very good quality elegant style and company logo looks original,the last time i ordered i got an original product,this is 100 % original product same as the picture"
positive,stylish and quality material,26,11,"stylish and material also very nice,stylish and good quality material,good material stylish and as excepted,very nice product stylish with good material,it is so stylish and so well in western as well as indian outfit"
negative,zip is not closing,124,42,"the main zip is getting stuck while opening or closing,not looking good and zip is not closing fully,items are coming out of the bag as zips are not fully stitched till the end of the bag,the holder can not be operated with zip closed,the zip in the bag isnt working / closing"
negative,need another color,140,51,"color different as shown i need another color,i had requested for another color,you have sent another color,i want to take another color,please send another internal color if available"
negative,no safety,114,38,"this is none of my use,its not good and no safety,it doesnt have safety at all,no safety of it at all,it will not be useful for me"
positive,exactly what i wanted,32,12,"what i wanted i got exactly the same,exactly like i wanted it to be,it turned out the way i wanted it,exactly the same which i want,yeah good exactly like what i thought"
positive,is specious,57,12,"it fulfill my needs and very specious,its quite specious and good product,inside its specious,i was searching this kind of an amazing and spacious bag since long time,the bag is quite specious"
negative,ordered another one,115,37,"have received something else and i have ordered something else,i have ordered something else and i got this,i have ordered one thing and received another thing,i ordered for this back and got something else,i ordered this product and i got something else"
negative,used product,1192,381,"i got a used product and also it is not the same,it seems like a used product delivered to me,it looks like it is a used one product,product i received is not as shown on site and also looked like its a used product,moreover the product looks like a used one"
negative,no tag,303,103,"not up to the mark also there is no tag,there were no labels or any tags attached to this,there was no tag / labels attached fyi,there is no tag attached and seems used with scratches and marks,different item received no tag attached please do the pick - up"
positive,carry lot of stuff,106,20,"really a must have who have to carry many things,i carry a lot of things and it holds them really well,have large capacity and can carry lot of stuff together,as it is very specious to carry all the items,it has high carrying capacity and can carry many things"
positive,shown in picture,2120,456,"looks exactly the way it was shown in the pictures,it is exactly the same as shown in pics,like everything about it its as shown in the picture,it was exactly the same as shown in the picture,look is the same as shown in the picture"
negative,button is broken,89,34,"item is damaged and buttons are broken,button broken and found in the packet,one of its button is broken and inner clothes are looking dirty,the front button is broken its not closing,one of its huck button is broken and there is hole inside the smaller packet"
negative,size is not suitable,859,302,"does not good size is big not suitable for me,size is not good does not good look o me,size is not appropriate n quality is also not up to the mark,the size is not suitable and not comfortable also,the size is not suitable and fit for my usage"
negative,sling is broken,52,22,"sling is broken and some item is missing,clip of the sling is broken,when i opened the item it was already damaged and the sling was broken and it had broken,one side of the sling is broken,hanging band is broken from one end"
negative,zip was torn,102,36,"it is torn on the side of the zip,the item is damaged zip gone and tore,its a used product and the zip is torn out,in the corner of middle zip the product is torn and even side sewing is damaged,the cloth near the zip area inside is torn"
negative,already paid,36,5,"already paid for both the items,as i already paid for the gifting price what is the problem,my money already paid but no item i having,i have already paid for this,i already paid the full amount"
positive,beautiful embroidery,23,1,"the embroidery matches the print of the cloth - a very good piece of artist,the embroidery on this bag is very eye catching and beautiful,quality and very spacious bag i like the embroidery work of the bag,very good product good quality and nice embroidery,bag is as shown in the picture quality is good embroidery work on the bag is excellent zip quality could be better delivered on time tried to upload real bag image"
positive,good space,363,83,"worth every rupees superb bag loads of space beautiful material and colors,it looks very good and it has good strong space,it is very good enough space and quality is also very well,a must buy to gift anyone also it has good space,good space and very good look also"
positive,stable product,13,8,"very steady and of good quality,sup fine this protect was very fine,smart look and very stable,the material is good and steady,but must be maintained safely"
negative,not genuine,214,64,"not liked and it seems not good,it seems not genuine at all,does not look that great in reality,not as expected not good quality and not as good as presented,not as good as it appeared"
positive,value for money,8601,2240,"using it from a year good quality value for money,really it is value for money and the best product,so looking after the money i will say this is amazing,liked the quality and must say that it is a value for money product,value for money no doubt about quality go for it"
negative,send a fresh piece,55,22,"so requesting you to provide a new one,please exchange this item and send a fresh one,so i returned and asked for a new one,please send me a fresh piece,please exchange and replace with new one"
negative,bag leather is damaged,19,5,"the leather in the design in front of the bag is damaged,the leather is torn at the bottom and 2 more holes are there color of the bag is dim compared to color in picture,the bags leather was damaged on one side,bags leather is damaged from the corner,bag leather is damaged due to packing fault there is a line at bag due to folding"
positive,exceeded expectations,115,35,"one thing i would like to say that what i was expected its beats my expectation,didnt expected this will satisfy all my expectations,i found it more than expected in this price,i got more than wat i had expected,i had huge expectations finally end up with this"
negative,cracks on the surface,41,14,"its a line of crack in front it s not plain,item has crack lines on it,down upper side is cracked and damaged,crease and crack lines clearly visible,theres crack type line in the front"
negative,cheap quality leather,279,125,"the product appears of cheap quality leather and the product image is completely contrasting from the reality,the stitches are coming out and leather quality is also so cheap,product is made of very cheap leather color is faded,the product quality is very poor as cheap leather has been used,even the belt straps are sticky around the edges and leather material used is cheap quality"
negative,plastic bag,92,30,"its clearly used even after replacement and again came in a plastic bag,that too in a plastic bag instead of the hidesign cloth bag,in description the material is man made leather but the bag was plastic,some plastic cap was delivered instead of bag,a plastic triangle delivered instead of purse"
negative,cm length,24,3,"or cm height in size,length is so sort,measurements and length pls,i need cm length,while length was 37 cm and height is also more"
negative,lock is not provided,30,12,"lock is not opening tried so many times,the lock button is same in both side so i cant lock it properly,from inside lock is loose and lock stucks while opening no comfortable opening of lock,the lock is damaged even both the zip of bags are not there,product has defective design lock given in front is of no use"
positive,keeping it,20,2,"this time i will keep the product,so i have to keep this,so i kept it,so i kept it,so am keeping it"
negative,product has stains,670,213,"seems like the product is used and its has stains on it,it seems to be used product with lots of stain on it,used product received as it has some stains on it,they sent an used product which is full of stains,looks like product is used and has all stain marks"
positive,looks nice,6968,1539,"i like it and its good looking for me thanks,it was nice and was same as shown in the pic,i thought these looked very nice in the images displayed,it gives you a really nice look,its so nice and beautiful handy exactly same as described in the picture"
positive,looks new,52,19,"looks as good as new till date www interviewcheetahcom,updated she has been using it till date and it is as good as new,still it looks good and new,used it for more than 1 year but still it looks new,it is still like new"
positive,long time,50,16,"hoping this one also lasts a long time,first of all it took a really really long time to arrive,it stayed for a long period of time,i hope it will last for long time,seems a good quality last for long time"
positive,sling bag,216,19,"this is an amazing bag in the sling bag category,feel good when i wearing as a sling bag happy,out of all the three bags i love the sling bag the most,its an amazing sling bag and can fit a lot of stuff,if you are looking for a spacious medium sized travel sling bag definitely go for it"
positive,stylish and comfortable,62,16,"looks chic and elegant yet simple if u want it to be,i thought that the product will be more comfortable and stylish,nice stylish and comfortable good one to buy,such an awesome and simple yet stylish and comfort product it is,stylish and comfortable at the same time"
positive,good durable,851,187,"since the material is very good and it is looking really durable,very good quality and it seems to be durable too,this product look is so nice and it is durable,it is a very good product and looks durable,received it today do looking forward to know how durable it is"
positive,eco friendly bag,19,2,"go for it if you are an eco friendly person,story card to know more about this eco - friendly brand akiiko,good eco friendly bag on this price range,its durable and most importantly eco - friendly,nice design well packing by hbm brand eco friendly packing id card option is best"
negative,delicate material,41,15,"the material is very fragile looking like it can snap at any moment,the quality is very fragile,the material feels very very fragile,very delicate and not satisfied with the quality,the quality is so delicate"
positive,looks branded,18,7,"it looks like a branded one,looks like a branded one,look like branded,expensive and branded look,gives look of a branded accessory but one negative point is its very heavy"
positive,stylish bag,578,113,"super stylish bag also material is very good without any doubt go for it,go for it guys really really amazing bag and stylish,the bag is good in quality - stylish and elegant in look,awesome bag its very stylish i liked it very much,i order two of these bag both are super quality and stylish"
positive,bag is smooth,30,9,"this is a very comfortable and easy bag that has low maintenance and is convenient to carry anywhere,I am still using this bag its very nice and comfortable,the material of the bag is so smooth,even the middle age feels comfortable as the bag is not heavy,material and making of the bag are very smooth and satisfactory"
positive,inner material quality,28,11,"quality of inner material is also too good,great product even the inner material is also good,this product is a made from very good material it is very pretty,excellent product vey good material of this product,the inside material is also of fine quality"
positive,good compact,143,34,"looks especially gorgeous when held rather than hung over the shoulders cause it gets unique compact looking shape,cant take too many things in it but very compact for a simple person,compact in size like the quality of material good quality product,its very compact to carry and of high - quality make has very good thickness and looks very charming when she is carrying it,it really compact and can hold almost every necessary item at the same time being comfortable"
positive,awesome combo,31,11,"this is an amazing combo set,its really awesome combo of three,as it is a combo,a very good deal of combo,pair of three looks awesome together"
negative,close the bag,31,5,"the bag is not closed and poor finish,website description said the bigger bag had zips which fully close the bag but it was not fully closing the bag,bag doesnt closed fully from both side,which dont close the total bag,it is open zip not close the bag"
negative,looks like already used,97,31,"it seems that it has already used by some one,it looks like it was already used so im returning it,it is looking as though someone is used it already,it is looking like someone already used it,it exposing looks like some one has already used"
negative,stitching is torn,178,64,"the stitching is torn and there is a opening in the layer,material bakwas and at stitched places material is torn,it has a torn cut at the back and the strap is also torn from both the sides,one bag is torn the stitches is also torn loose,material is torn in some places below the buckles"
positive,water proof,33,5,"the jute material is thick and sturdy with a waterproof lining,they are waterproof and thick and no worry about their stitching are so strong,very spacious waterproof color is great and very sturdy can carry quite a weight,material of inside the bag is used good quality and also it is 80 % water proof,from my side the bag from outside is waterproof"
positive,good design,651,116,"made up of good quality and good design,i really must to say the design is decent,the quality and design of this product is very good,but due to excellent design this product is catchy,same as shown in the picture nice quality and design"
positive,steal deal,23,3,"bun it in 699 is a steal deal,a steal deal at this price,for the price its a steal deal,it was extremely spacious and pretty although i am a bit concerned about the amount of weight it can carry but overall its a steal deal,for 299 it was a steal deal"
negative,no shoulder belt,29,9,"there were no shoulder belt and security tag is with it,also there is no shoulder belt,there is no belt no accessories,there is no shoulder belt,there is no shoulder belt"
negative,not leather,403,109,"different color of the item sent and it is not leather,product advertised as leather but material used is not leather,this is not leather product this is pu product,neither the material is felt type nor leather,material is like that not leather at all"
negative,stitching is coming,353,114,"stitches from all side is coming out even 1 of those is missing,the stitch of the front panel is coming off,it has got patches and there is a stitching problem too,the stitches on the seam at the base has come off,the stitches have come out and in some sides the stickers have completely come out"
negative,fungus build up on the bag,27,5,"these is a fungus build up on the product,there is a part of the bag that caught fungus,its damaged has spot lines fungus and line all over,white powder type fungus is there in parts of purse,some products have fungus build up and it doesnt look like new one"
positive,material and finish,26,7,"materials finishing is very good with gorgeous look,i love the build quality and material finish of the product,it has very good quality material and finishing,good product material n finishing is really good,i like the finishing of the products"
negative,not enough pockets,56,24,"dont have proper pockets and pictorial wise it is not giving clear idea about the product,no finishing at all no enough pockets inside looks like a thela,even side pockets are not able to kept mobile,not fit and also needed inner pockets,i dont like this it doesnt contain pockets"
negative,rusted product,76,23,"the product has rust all over it with some stains around the back for a new product this is unacceptable,its rusted and torn parts doesnt match the image of the product,the material which is used is rusted,there are rust and marks on the items base metal polish is removed and looks like a second hand product,stained and rust on the product"
negative,dirt marks on product,197,55,"product is used and have lot of dirt on it,item has dirt on it and it is used it also has crease marks on it,dirt is also there as if its used / stored badly,dirt is on the product i need exchange,product delivered with dirt and stains hence returned"
negative,looks old,2185,529,"the product is very old and seems to be used,different from item ordered - the product also seems very old,item was damaged and look old at appearance as not sold for long time,different from item ordered brand issue item is damaged the item is old,item is old and its seems to used product"
negative,no pockets inside,463,207,"quality not good no separate space no inside pocket no inside compartment,it doesnt have pockets at all in any of these,theres not a single pocket in it nor it has compartments,the design is not as shown and also does not has any pocket inside,there was an inner pocket in the product image but the delivered product does not have that"
positive,zip quality,333,75,"quality is also very good even the zips are of good quality,would love it even more if it would have a zip,it is very beautiful and looks like the pictures zip quality is also very good,it is very beautiful and looks attractive like the pictures zip quality is also very good,product is very good in quality and zip quality also good"
positive,looks sober,17,3,"the color is amazing and the look is very sober,looks quite sober and the color is also very attractive,they are attractive and sober looking,the color is very sober and eye soothening,i like this one as the color is a bit sober"
positive,good storage,77,14,"very good product and same as seen in picture storage is also much,good to hold elegant design very classy good storage capacity,excellent choice for those who need that extra storage space,i contain good storage and material is so good for usage,it has a classy look and a storage capacity which is perfect for work life"
negative,one pocket,179,86,"only one pocket in purse i want to return,only one pocket present and articles not safe because only one pocket present,the products quality is very poor and moreover there is only one pocket in the main handbag,also main purse have only one pocket and its not enough for carrying different items,its not comfortable and also only one pocket is there in the handbag and no separate zips"
negative,stitching is not proper,2636,1043,"quality not good and also the stitch quality is not good,internal portion is also not good and bad stitch quality,material is not good and stitching and all coming out,stitches are not proper and also material is not good,stitching not good and color different and not quality material"
positive,carry a ml water bottle,16,1,"its spacious to carry a water bottle of up to ltr,it is big enough to hold a liter water bottle,spacious - can accommodate milton water water bottle too - matt finish double color quite attractive - for just rs,jute water bottle bag is very nice i liked,spacious enough to carry 600 ml water bottle snacks box small makeup kit and a book too"
negative,sling bag,115,21,"product picture and description says sling bag but what i have received is a handbag,also there was sling bag extension in the received bag,coz its written handbag and the pictures are showing of a sling bag,in description it says sling bag,i want to image picture hand bag and sling bag"
negative,button is not working,138,62,"dont look similar and have damaged button doesnt stick properly,its look like very poor in quality and magnate button is also not working,very bad buttons are damaged so this is useless this is second item which is damaged,bad quality and buttons not working,buttons in the hand bag are not good there is a damage"
negative,handle broke on the first day,30,9,"within second day of using it its handle broke,after 3 months of usage handle is broken from the screw,the handle literally tore up on first day use,its handle is broken only 2 days,its handles broke within no time"
negative,order not complete,40,13,"my order does not look that was see,it is not same as what we ordered,this was not same as my order,this is not the set which is ordered,different from the item ordered not as expected"
positive,nice backpack,22,,"its the cutest backpack you can ever get,overall nice to have backpack like this,otherwise very good quality and beautiful backpack,it is perfect for travel purposes a beautiful substitute for jhola or backpack,as a backpack its good"
negative,light color,340,80,"material is very light and black border is getting out itself,color is very light i returned imedetly because something messy,color is very light looks like pink rather than cream,color is very light rather than brown its a different color,the color also is very light and thus not at all suitable for daily use"
negative,quality is not worth,271,115,"looking not good and quality is not best,quality issue not a proper look like good,not as it aspected quality is not nice,quality is not good and not worth it with this prize nit satisfied,quality issue does no look good"
negative,zip is broken,898,253,"it has one zip broken and has one small hole,item receive is damaged few stripes are missing from the bas and the zip is torned,the product was different from image and the zip was broken,zip is broken n color was shaded,the zip at the back is broken"
positive,looks good in picture,304,83,"which was looking really good in the pictures so when it arrived,looks really good accurate with the picture here,good quality as same as shown in the picture just go for it,it looks same as shown in the picture with good quality,looks as good as it is in the picture"
positive,color spacious,29,5,"the color is so good also its very spacious,extremely good spacious color is nice n bright,very nice product really liked it very spacious n beautiful color,color is so classy n spacious also,good color spacious and elegant look"
negative,fake product,1665,379,"the product is definitely fake and not an original lavie,it was used product the condition was bad and totally fake product,the product sent is fake than what is shared pn website,tag lino perros is falling down it is fake a product,we ordered abeeza brand but we have received local fake brand"
negative,corner damaged,108,48,"the item is damaged from one corner,at the corner the item is damaged,the item is damaged in the corner,item is damaged from the corner,base part of corner is damaged"
positive,awsm bag,50,9,"all three bag are awsm,one must go for this bag,its an awsm bag,this was my the bag from baggit,a must have bag for all"
negative,dull color,1638,414,"it is very dull looking and not good at all,the product is completely dull colored compared to the image,it is very dull color which does not suits to me,color was very dull looks old one spot where color was totally gone i returned,dull color color is very dull looks dirty not suitable"
negative,inside damage,47,17,"it is damaged from inside and also not looking good,the item is damaged from inside,it is totally damaged from inside outside,it is damaged from inside,used product and damaged from inside"
positive,nice print,34,,"the print ad well as the quality is amazing as always,im a fan of this kind of print so ordered it,a very nice print and vibrant color that attracts your attention,the bag is so beautiful loved the print,material and print quality are excellent"
positive,comfortable and spacious,44,10,"overall the product is spacious yet not too bulky in size satisfied,good quality spacious yet not too big and lovely color,good look comfortable spacious and good quality,liked the pattern its spacious and comfortable,same as the picture its size is very comfortable to use"
positive,peach color,15,1,"the peach color is very beautiful and looks very elegant,i love you so much dear mishma nice peach color,go for it if you are really in love with peach color otherwise go for black one looks much classy,i love the color its light cream with peach color,the plum color is stunning and classy go for it"
negative,color is also different from picture,95,32,"the color is also different from the image shown,color is also different from the image,the color also differs from the image at display,color is also not same as shown in the picture,also color is not bright as much shown in picture"
negative,looks like old stock,208,44,"it seems like either very old stock or used product,product is looking like very old stock or used one,doesnt look new and looks like old stock someone has used,they have sent some old item from old stock,seems to be old stock or returned by some one"
negative,compartments inside the bag,681,242,"two compartments inside with a zippers compartment in the middle,i ordered for a extra pocket inside the bag but that pocket is not available,no pockets and compartments inside or outside,only single box in bag no any small box with chain available in bag,not even include a single pocket inside the purse and quality of the item was not to good"
negative,no extra compartments,38,20,"no inside separate compartments no lining attached just rexine stitched,not as excepted no extra compartments,no side pockets and secret pockets not there,there is no extra compartment no extra chains inside the bags,no additional pockets inside bagonly one zipper is present"
positive,beautiful shoulder bag,32,10,"you will truly love it as you can use it as shoulder bag hand bag etc,i liked the shoulder bag very much its the one i wanted,adorable shoulder bag handbag along with pouches,this shoulder bag is really awesome,amazing shoulder bag i love it"
negative,dirty product,1108,235,"product is dirty and it seems to be used,the product looks like it has been used it was dirty,the product is dirty and seems to be used,the product seem to be used and is dirty please see to this,it is dirty and some stains are there on the product"
negative,no zip,428,151,"no quality be it material or stitching or zip,not even a single inside zip in the big,not even one layer is there with zip,there is no zip on the inner side,not even a single zip is there"
negative,damaged packaging,120,58,"the product was damaged and outer packing were also damaged,both product and shipping box damaged received the order in damaged condition,damaged mrp tag missing hole on the item and its dirty too and the packing also damaged,both product and shipping box damaged damage product receive,product is in dirty and damaged condition during packing opened"
positive,bit expensive,22,5,"but cost little bit expensive which i feel,looks beautiful but i felt it is a bit priced,little bit expensive but the quality is also awesome,good quality a bit expensive,very classy but a bit expensive"
positive,chain quality,85,10,"the chain attached in this is of very good quality,the best part of it is the chain portion which is the actual attraction of the product,it is very good product the quality of materials very good the chains are properly worked,the chain is good the outer and inner materials are decent enough,the chain works properly and the capacity is also sufficient for daily purpose"
negative,no safety measures inside,54,26,"there is no blue color from inside as shown in photo and quality poor,inside also no have any safety partician,without tag without stitched cloth from inside,there is no spaces in inside,there is no cloth attached inside"
positive,nice shopping,43,9,"it is useful for going out for shopping,its just superb and must buy product when given discount,good quality ideal when you go shopping,useful for big shopping looks quite nice,ideal to take around while shopping seriously"
negative,product image,51,18,"pick up the product any how with any condition,please put the images of the real product,not as per product photograph,when i got to look at the product up close,so please pick up the product"
positive,liked alot,72,26,"i really liked alot,overall i liked alot,i really like it,i really like it,i really like it"
positive,laptop bag,42,5,"she loves the product her 13inch laptop fit in this bag and with multiple compartment all the necessary thinks and document fit in same bag,needed a tote bag for official use one which could carry a laptop,its an awesome laptop bag for women with lot of space / compartments to keep the stuff,its good for someone who needs a laptop bag,its a huge bag with a laptop holder section as well"
negative,scratch marks,171,53,"seems like used one with scratches at the corners,its having scratch on back side looks used,it is damaged and scratched in front,the threads are out and it has a scratch in the front,item has damaged / scratched material in the front"
negative,no match,80,28,"it is not good to take another,it does not suit me,its not good for me,did not get proper no,not suitable for me"
negative,doesn't suit me,1911,576,"its not useful for her and me also,i dont like it is not suitable for me,not useful for me and not looking good,its not compatible for me as i thought,so it is not useful for me"
negative,hole in bag,353,126,"there is a hole in the bag near the logo sign,also there is a hole at the bottom of the bag,there is a hole in the back side of the bag,there are some holes on the back side of the bag,there is a hole in the bag near the baggit logo"
negative,lock is not working,103,29,"looks very old and front lock is not working damage from bottom,the lock pin is not correct it is not fitting into it,seeing quality is not good and lock is also not good,the lock is not working properly and there remains a gap,the lock is not working or closing"
positive,pink color,23,7,"wow color its bright pink love at first sight,i chose the pink one and itz great,the pink looks good on ladies as well,it is a baby pink color looks so stylish with any outfit,pink looks really cute i am so happy"
negative,damaged or torn,125,60,"item is damaged and torned out at the bottom,one of the item is damaged and torn,item is damaged torn coz of that its looking used,torned and some damages in the item,the item received is damaged and torn"
negative,one compartment,229,92,"it has only one compartment with opening on both sides,there is only one compartment which is not compatible for me,there is only one compartment thats not my requirement,there is only one compartment so not able to fit other items in this product,it has only one compartment other has also only one compartment size is small and no any design"
negative,torn within days,111,25,"as soon as i started using within 30 minutes it got torn,it is broken in 1 - 2 days,started getting frayed and torn within a week of using it,it is broken in one day,as soon as i started using within half an hour it got torn"
negative,length is long,64,21,"length is very big or long,too long size and fit,length is too long than expected,it was too tall for my liking,its too long in size"
negative,available at rs,38,7,"in market it is of rs,take back one delivered and return rs 1224 / -,my received product costs is rs,it looks like 200 / 300 rs item,i have extra paid of rs"
negative,doesn't look like new,293,82,"it doesnt look new at all and the style too not as expected,i dont this is a new one or used one,it does not look like a new one,the item doesnot seems to be new,it doesnt look like a new product"
positive,build quality,128,36,"however she is happy with the quality of built,i love the build quality and material finish of the product,build quality is very good of the product,good build quality as well as material used,the built quality is awesome first i ordered"
positive,light weight good,163,22,"the best part is light weight and the space is good to put all and everything you need,its big light weight and comfortable i just love it must buy,amazing color and very light weight can accommodate lot of things,i loved it quality is good light weight lots of items fit,the first thing i would like to tell that its very light weight which is very helpful to carry out"
negative,screw is broken,27,10,"damaged and looks like the screw is broken,the screw is broken from the sling part,the handles side screw is broken,handle screw is broken and rusted,the screw was broken and loose"
negative,thin material,211,59,"material is very thin and unable to take much load,the quality is very low the material was so thin,this item very thin and delicate quality less item,no quality and material is very thin,the material is too thin and cant be used for day to day need"
negative,dirty and old product,334,97,"its old and wrinkled and used product that is received,product has stains and it is looking like a old product,plus the product looks old shabby and discolored at places,there are marks on the item and it reveal the sent item is either old or used product,product is different dirty and old from outer appearance"
negative,little damaged,178,69,"not up to the mark and little broken too,its little damage from upper side n too many dirty spots as if it is used one,item is having small damage in bottom,even the polish of the handles have come out n looks little rusty,at the base side there is small damage"
positive,good pockets,131,25,"liked it very nice just needed some pockets inside it,nice and very efficient with the number of pockets inside,so the big one is really good as it has pockets,i like the number of pockets both inside as well as outside,it is quite useful as it has many pockets as well"
negative,stiches are open,246,91,"its open from upper side items will spill from here,the stiches are open at some places,the base seam has come off and it is open,its kind of open on the sides on the top,in complete set i received when i opened it"
positive,well packed,57,10,"the item was very well packed and it was as described in the description,it is nicely packed not a since prblm came i love it,really loved it must buy 992 love the way it was packed,i had received my delivery well on time well packed unlike the product at first look,perfect size and classy well packed and as usual prompt delivery"
negative,leather is coming off,209,58,"the item is damaged and the leather is coming out,item description says its made up of genuine leather but its pu leather,the website clearly mentions that the material is leather,the skin of the leather is coming out,in description material is leather at time of receiving its fake leather"
negative,torn from many places,77,32,"item was torn badly from multiple places,item is damaged and torn in multiple places,item is totally torned and its the second time i am returningworst product ever,the top layer is torn into pieces,the product is dirty and torn from many sides"
negative,zipper stuck,95,40,"its torn inside and also there seems to be zipper issue,zipper is damaged at the time of delivery,there are 2 zippers in the picture,its says it has a zipper,the inner cloth is struck in zipper"
negative,color faded,719,222,"it looks fade and color different from bottom and upper side looks so faded,at side there is a damage and also color is fade from side,looks like its damaged and the color is faded in that place,lots of used marks and color is faded,seems like its been used and color faded"
negative,color is not pink,48,13,"color is not maroon as shown in picture,color is not pink at all,in picture it look black but it is not black,this color is not pink,color is not red or pink"
positive,carry mobile,19,2,"excellent product well designed specious enough to hold mobile wallet and other stuff,superb u can carry a mobile and it also have a money pocket inside,it has two compartments to hold mobile accessories as well,to carry mobile give small pocket in bag that is so nice,we can carry our mobile and little stuff but not too spacious as i thought color and product is good and as show in picture satisfied"
negative,bag has only one zip,189,73,"this hand bag is only one zip inside or out side no have a second zip,i cant imagine that that bag has only one zip,each bag is having only single zip and small one is not having zip,it has only one zip we want double zip bag,hand bag has only 1 single zip all over the bag"
positive,good packaging,354,67,"the product quality is very good the packaging was also very good,it is too good in quality and packaging is also good,also the packaging was done well so kudos for that,it is a good buy and very good packaging,its has very nice packaging and quality is very very good"
negative,fake baggit,31,4,"when is scanned the qr code given inside bag it turned out fake,product even baggit written seems fake,the handle is broke and the bag is fake,logo of baggit is fake,product looks a fake baggit purse"
negative,black stains on bag,551,188,"the bag has got black marks and spots on it,there are black marks on the bag and threads coming off,item having black color spots on bag on multiple places,there is a black stain on the side of the bag,the white bag is used and have so many black stains all over the bag"
positive,good heavy,33,11,"its a bit heavy other than that excellent buy,capable of taking heavy load as per its size,ya its really good but heavy weight and color also good,the quality is good just the thing is its heavy,product material was very good i like it it was a heavy material product good looking as well"
negative,want to replacement,38,9,"wants to return this item,wants to return the item for replacement different color received,wants to return quality issues,wants to return defective item,wants replacement for this product but with the same color"
positive,looks rich,94,23,"just go for it if you are looking for something class rich looks and nice quality,rich look stylish look and suitable for every outfit,its give me a rich look in this price,quality is good and heavy with rich look,gives you a very rich look"
negative,not genuine leather,165,50,"is not genuine leather although the description says leather,it was mentioned as leather but it is not genuine leather it is some other material it is not as it looked on screen,is no genuine leather as written in the description,tha leather is not smooth at all very rough and hard,it seems that it is used and fake product not pure leather but recived"
positive,good color,1950,422,"this comes in very beautiful color and it is very pretty,its really nice in color and is of good quality,its a good one and the color is also nice,the quality is so good and the color is amazing,looks good quality also good color is beautiful got it today"
negative,description says set,212,66,"that you have give in description,when will be it picked up,it was noticed when put to use,this is what i got,stiches have come out"
negative,zip is not working,1927,595,"it doest not look good on me and it doesnt have proper zip,it is torn and one of the zips are not working,zip is not working and item is not in good condition,torn at the zip and the zip is also nor working,this is torn and the zip is not working properly"
negative,small scratch on bag,17,8,"size is small front of the bag is scratch and dirty,also the bag had a small scuff mark on it for some reason,bag side had small hole seems like big scratch,there seems to be minor scratches on the top portion of the bag,there is a small scratch on the front side of the bag"
negative,lock is broken,76,25,"the lock is broken and one more part is broken,item got damaged its handle broken and lock nuts missing,lock is broken and also parts of the lock are missing,the lock is broken as i open it,there is no lock and the key is broken looks used"
positive,good to carry,198,33,"it is useful to carry so many things at a time and is also trendy just loved it,im a person who carries alot of stuff so this is pretty good for me,she like it and it is comfortable to carry anywhere,the design is nice and it good to carry,good to carry anywhere good in handling everything is perfect"
negative,waste of money,3228,903,"so iam returning it waste of money and waste of time,worst material waste of money and how many times requested for the return pickup,its waste of spending on it but of returned,it was not shown at all as it was very poor quality it wasted both our time and money,dont buy this item poor latter no pickup for return item bad behave delivery boy totally time or money wasted"
negative,not match the style,1073,474,"not in proper condition and does not look good,its not looking good will by different one,does not look good as it should be,does not look same and also dont look good,u did not deliver the right thing"
negative,doesn't fulfill my requirement,328,110,"it does not meet my needs at all,dose not look good on me n doesnt full fil my requirements,it is not correct as per our requirement,does not meet the needs as required and not look good on me,it is not according to my requirement"
negative,color not good,3789,1225,"not looking good on me and color is not good,there is no comfy feeling and the color is not good too,i does not suites on me and color is not good,does not look good and the color is also different color,this is not good and color is also bad"
negative,color not shiny,241,83,"moreover this color is not even in the list,does not look good colour is not same,its not look good different color from the picture,its color is not good in real compared to image,its totally different from the photo given in description and also color doesnt match"
negative,can't hold on shoulders,33,9,"doesnt stay on shoulder if it aint sturdy and solid,not possible to wear to shoulders,not able to place on the shoulder,i can not hang it on my shoulder,no comfortable after putting it on shoulder"
negative,chain is not working,489,155,"the chain are nor working and it is damaged from ends,the item was damaged the chain was not working,return initiated as chain of hang bag not not working,item has a cut on the side and the chain is not running smoothly,chain not working smelly not a quality product third class"
negative,finishing is not good,872,317,"quality is not good and also finishing is not good,items are not matching to requirements and finishing is not good,it is different from display and finishing is not good,not at all good quality and also poor finishing of the product,its not good in looking wise and not good finishing"
negative,handle screw,33,17,"the handle screw get broken after a single use,handle screw is being loose,handle screw has been removed,handle screw is already broken out,handle screw is damaged o"
negative,broken strap,464,179,"item is damaged as its torn in front portion and the strap was also damaged with the clip broken,it has a torn cut at the back and the strap is also torn from both the sides,the product is dirty and seems used as well as the strap is broken,wish i could send a photo it is broken from its strap,strap is damage and looking like a used one"
positive,bought it on sale,14,4,"i bought it during sale,bought it during sale,bought it on sale for 749,i have bought it in sale at just 210 / -,got it for 719 / - during sale"
negative,good as pic,211,87,"dose not look the quality it shows in the pic,not look like the pic n quality is not good,quality not matched as shown at pics and as described,quality not good as per showing on pics,doesnt look good like in the pics and quality too bad"
negative,strap is coming off,60,28,"the shoulder strap is coming off at one place,strap is coming off again and again,product has strap marks on the body,strap coming out from a side,the strap is coming out"
positive,look wise,183,41,"look wise very good eye catching attractive,it is very good look wise and quality wise,look wise its good and no damage too,good quality and look wise also very good,look wise also very good"
negative,bag is faded,61,29,"the belts of the bag are faded and seem to be used / old,bag seems to be old as its faded at various places,front side of this bag is color faded looks old i want to exchange another color,the flowers on the bag have a worn out look it looks faded,color of the bag is faded and there is scribbled on it"
positive,bag with enough space,137,24,"its a very good quality bag with lots of space,good quality and good looking bag with enough space in it,very pretty bag with a good amount of space,this is a handy bag which have more space,i loved the bag as it has a lot of space"
negative,torn from inside,182,65,"need replacement as this is found torn from inside,i used today and found torn from inside,inside layer is not attached and inside cloth was torn,stitching is not there inside and it is also torn from inside,it is tore inside and damage"
positive,looks professional,25,3,"n it gives a very nice professional look,gives a very attractive and professional look,it gives a professional look,so much professional look lovely,gives u very professional look"
negative,zip not covered,46,15,"the bag received doest gave front zips as in image,the zip you provided is not covering whole bag,zip not covered fully inside so it is not secure for me,zip doesnt cover cmplt upper part of bag things inside may fall,inside no self zip not fully covered"
negative,chain quality,284,95,"there is only one chain and not interested,there is shown chain in rd bag,under chain is nathing so return,defaulf found in chain and material used,even after closing chain there remains gap through which material inside chain can come outside"
positive,looks good from outside,116,52,"this is just looking good from outside,outside material is also very good,impressive to look when going out side,the design outside is so appealing,it looks good from outside"
negative,stitching is damaged,260,85,"it is damaged from back side and from inside its stitching is done badly,item is slanting and damaged in stitching,the material is going to break from the places of stitches,item is damaged and stitching was broken,item is damaged from the stitched area"
positive,quality looks space,32,9,"go for it if u looking fot style and space,space utilization is great and perfect for travelling purposes,very good bag by quality looks space material deserving more than five star,quality n space both are perfect,it has huge space inside it name it"
positive,favourite bag,32,5,"this has to be my favourite bag so far,really it become one of my favorite bag,my favorite bag over all 5 / 5 for the bag,this is my all time favourite bag,the best buddy in my life i absolutely loooove this bag"
positive,liked the color grey,14,5,"its as described and i loved the color grey,honestly the other color was also nice i had ordered grey,the design on the bag looks classy and the color grey is amazing,unique grey color very good quality and perfect size for office as well as outing,i loved the bag and its beautiful grey"
positive,product description,102,26,"the product matches to what was shown in the picture,the product is also match the product picture in the website,the product was as such in the picture,the same product which is looking in picture,you can go for this product"
negative,belt is short,58,15,"item is heavy to carry and has short shoulder belts,even the size of the bag is small the sling is short,the belt length of the sling is short for my height,its hanging belt is very short,size is small and sling is very short and too tight to open please take it back"
negative,rubber smell,35,17,"the batch where brand is written is completely different the tag is hung with rubber,item received damaged and strong rubber smelling,the material is like a rubber sheet and has some smell,i thought that it was leather but it was rubber and it is sticking and its not a good product,material mentioned in the product description is leather but the product received is made of rubber"
positive,looks fancy,33,12,"fashionable and look really nice,very nice and elegant at this range,really very fancy and fabulous,very nice looks fancy,its looking very fancy"
negative,bag is bent,27,14,"there are bent marks all over the bag please return ot,there is a crease where the bag is bended,this time i got a bag which has a bent on front,the bag is bent and is leaving a line like mark on it,one side of the purse has been bent"
positive,easy to clean,36,5,"it was easy to wipe them if with a wet cloth,good product at affordable price and easy to carry and easy to wash,looks good spacious easy to handle and easy to clean like the belt makes it convenient,it is very good bags easy to wash had much space more item could be kept inside easy to carry in pocket,though they are overpriced but are handy easy to clean and sturdy"
negative,one zip,268,126,"it has only one zip also has gap on both the sides,its to large and it has only one zip,this is very small and size and only one zip,quality issue and have only one zip,size is so small and only one zip system is there"
negative,rough material,120,39,"it is dirty and rough on one side,it is very rough material,very rough on the outer part,this part is coarse and rough,the material is very rough"
positive,weight to carry,19,7,"good looking quality also good but only complaint is a bit heavy weight,one of my favourite things in own the quality and weight is exceptional,it has too much weight to it,able to carry more weight,the bag is stylish and can definitely take lots of weight"
positive,easy to carry,363,68,"perfect one go for it very light easy to carry,i love it because its comfortable to use and its easy to carry,very much easier to carry and looks trendy while holding,keeping it as it looks cute and easy to carry,same is easy to carry during travelling for days with necessary accessories"
positive,no regrets,28,5,"you can go for this it wont disappoint,you will not be disappointed at all,you will have no regret,dont worry go for it,go for it without any doubts"
positive,bright color,99,23,"attracts attention with the bright color n style,very bright and awesome color and the material is very good,it is very cute with bright colors,the color is very bright and attractive,in the picture it is more vibrant looking"
negative,bed quality,185,63,"quality of item is very bed,the product quality is very bed,different product and quality is very bed,product quality is very bed,your service is very bed defetive pes"
positive,lightweight product,46,5,"it is very good very handy n very lightweight,very nice and stylish bag lightweight print is also beautiful,really lightweight but enough space to carry all essential,pros lightweight beautiful to look at simple and elegant design very spacious accurate to the description on website looks sturdy but yet to use,lightweight can hold ample am out of stuff"
positive,stylish and durable,37,8,"sturdy handy sleek classy and suitable for all occasions,there are three product at this rate which is also like a jackpot because all the three are stylish and durable,stylish look n may be durable also,looks stylish sturdy and above the mentioned price,is elegant and classy and durable"
positive,looks premium,134,37,"the quality is good with premium feel to it,or to gift them and tell them its premium stuff p,material is of premium quality and gives an overall vogue look,the material with which it is made is premium in hand feel,looks much more premium on the website than in real life"
negative,handle is coming off,51,16,"a button is coming off in the front of the handle,the handle have come off in one use,second their is spot on the knob / steel handle,the handle had come out when i received it,handle found turned when receiving"
positive,durability is good,73,22,"i cant say about durability but its cute,the product will work smooth and also increase durability,durability is good using same earlier too,very good and durability and also worth,quality and durability both are great"
negative,zip not fully covered,293,96,"this is not secured from in side zip its not closed completely,not safe to carry zip is not covered full mouth,there is no full zip it does not closes full,can not keep file and zip is not covering full bag,zip is not opening properly thus the return"
positive,looks stylish,1579,331,"its simply beautiful and gives a stylish and descent look,i loved this one it looks too stylish and fashionable,i just pic up this because they really attractive and stylish,the most i liked in this is the stylish look it gives,stylish curves on the top edges would appreciate the following 1"
positive,matte finish,27,8,"i liked the matte finish and the look of the bag,the zips quality is also good and it is a matte finish,quality of the material is ok and its with matt finish,awesome product with matte finish,matte finish quality so great"
positive,looks fresh,25,5,"as its a gift i need a fresh looking one,would really want to buy a fresh one,i would like this to be properly packed and receive a fresh copy,a fresh piece and not old stock at all,thank for handling it so well and giving my bag as fresh and new"
negative,chain is not there,69,23,"doesnt even look the same the chain isnt even the same like yuck,hanging belt is not proper and chain is also not there,there is no hook to hold the chain so exchange this,chain is not opening and its torn,the chain in the front side can not be opened as the two flaps ribbon are sticky with body"
positive,good style,206,56,"it was very good and the style was also awesome,also glamorous enough to add the style quotient,in this rate the quality and style is too good,very good quality nice style as per the picture,this is literally beautiful with a great style"
positive,using it for years,66,10,"i have been using this for quite some time now,i had used it for almost a year now and it still looks great,it has held strong for more than a year,am using it for more than an year and its quality is superb,its been years i am using it"
positive,spacious and lightweight,27,6,"looking wonderful spacious smart lightweight and what not just go for it,it is spacious and comfortable and lightweight and quality is good,very very spacious and lightweight,it is lightweight spacious lovely and good quality bag,size is comfortable neither too big nor too small"
negative,please dont purchase this bag,30,5,"kindly do not sell and send such bags please,i suggest not to buy this bag,i strongly not recommend for anyone to buy this bag,do not go for this bag,i recommend not to buy this bag"
negative,marks on product,106,41,"item has marks on it like its used,there is some marks on the product,there are marks on the product,there are some marks on the item,product is used and has marking on its"
positive,good texture,144,38,"texture is so good and feels rich as same as shown in the picture highly recommended,the texture and the quality of the product makes it awesome,it is such an good good quality with thick texture,all the three product having a good quality fine texture,texture of the material is of good quality"
positive,good tote bag,27,7,"very nice tote bag very useful and got it par worthy,cute tote bag just for rs 310 great deal,but it is nice big size tote bag so overall good,bag is suitable for those who love tote bags,just collected tote bag its gorgeous and large i wasnt expecting such a great bag for this price im delighted with it"
negative,small zip,88,29,"inner quality is wrostevery small things comes out from side of zip,compartments are not spacious and zip is also small,this quality is not good and zip is also small size,the bag depth is so small and the zip opening is so narrow for my needs,very poor material and zip is short"
negative,size mentioned,348,104,"size is nit mentioned in the description,the same size which i have noticed in the picture given,please mention size details in product image and description,possible to guess size as it is already mentioned in specification,size issue please get this picked up"
negative,bag is torn,1721,552,"the skin of the bag is torn at the bottom,thew outside of the bag is torn and damaged,the material of the bag is torn at the corner and also at the front,the cloth inside the bag is torn so returning it,i got a a bag which is torned and damaged"
negative,product doesn't look good,9218,3091,"not looking good not looking good not good not good,its looking not good and colur also not good,does not look good on me dont suitable,it doesnt match as it doesnt look good on me,not good look not comfortable not nice looking"
positive,material quality,1919,484,"it looks good and material quality also too good,quality and the material of the product is too good,it is an awesome product made of good quality material,same like the picture and the material is also very good,the quality n the material is just too good"
negative,magnet not working,84,27,"also one sub item magnet to close doesnt work,product is very poor and magnet is not fixing,magnet is not working handle is also not working bag is damage many more issues with this item i faced so i wont to change this one,very poor quality magnet is not working,one of the side magnet is not working"
positive,blue color,29,4,"same as in picture and l loved it so much lovely blue shiny color,i bought this in blue color and it looks very classy,the blue color all those features made us happy,bought it in blue color which looks good,its blue color is also too much pretty"
negative,looks like used,491,138,"it looks like already an used item,it clearly looks to be an used one,it seems to be a used one,its like it s used and then send to us,its look like it is used one"
negative,difficult to carry,61,23,"it is not comfortable to me to carry some things,too hard not suitable for daily wear its like a briefcase,it is not comfortable to carry,it was very difficult to carry,it is too weight and difficult to carry"
positive,good choice,31,6,"can be a good choice for you,this is a good choice,its definitely an awesome choice,a good choice indeed,this is very good option"
positive,things fit,36,7,"it will fit all your necessary items and make you look chic at the same time,its easily fits all your essentials and a few more things,you can fit almost everything in this,lots of things fit in,you can fit alot in this"
negative,didn't expect this size,526,205,"i didnt expect the size to be so small,did not expect it will too small dont like it anymore,i was expecting a smaller one this is too big not suitable for me,never expected such a small size,too small size im not expected this size"
positive,pocket friendly,21,7,"its so pocket - friendly and reached on time,very beautiful easy on the pocket and good purchase,the back pocket makes it easy for her to keep things handy,yeah material is good and its pocket friendly,its pocket friendly and worth purchasing"
positive,royal look,37,8,"this is the best product as per the quality and it looks so royal,it feels too royal that you will always wish to flaunt around,for office it is the best royal look and good quality,excellent it has royal look with great quality,very nice product quality and looking beautiful and royal"
positive,looks neat,45,15,"so yes things are safe,very neat and nice,other than everything is ok,look wise its absolutely same,got at very reasonable deal"
negative,glue marks on the bag,27,10,"has blackish spots of grease / glue on the end of straps,also glue stains are there on inner cloth side,seems used glue marks is there for whole bag,item has sticky glue covering all over it,sticky substance like glue was found on the bag and piece fell off"
positive,good on all outfit,15,3,"its a good styling accessory matches with most of my outfit,looks great to wear with any outfit,it can add beauty to your overall outfit,really nice for all outfit,very spacious with good quality material goes well with all kinds of outfit worth it"
positive,star rating,51,12,"the material is good i would have given stars,so giving a big thumbs up and 5 star rating without a doubt,so giving a big thumbs up and 5 star rating without a doubt,i have rated it with 5 star,i will rate this experience - 10 stars"
positive,easy to handle,119,28,"it is really nice n convenient n easy to handle and solves the needs,its very good and also easy to take anywhere,go for it if you are looking for something easy,this one is easy to handle and fuss free,easy to carry out a little things very good quality i recommend you all to go for it"
negative,doesn't up to mark,1526,493,"not at all up to the mark,it is not up to the mark i e,not up to mark as shown so not appeaing,does not seem up to the mark,this is not up to the mark"
negative,hard leather,50,17,"leather folded is kind of tearing on the other side,material leather is very hard and heavy too,very hard leather very different from the image,black color has spread onto other colors hard leather with smell and not suitable for daily use,it is too hard leatherette material"
positive,color stylish,60,12,"this color is very classy and gives an aesthetic look,the color is very classy and it gives an aesthetic look,n the color is very classy like it very much,elegant in look nice combo with good design attractive color combination,the color is really classy exactly how i like it"
positive,good discount,45,8,"quite thick material and much happy to buy it in discount,i kept it because i got it on so much discount,its different and got it at a good discount,get in discount is ok to buy,so happy i got it at discount"
positive,carry books,21,4,"the bag is really good can easily accommodate a book and much more good quality nice design,you can use it to carry books,you can carry long note books with ease,u can carry big size n heavy books easily,wanted to carry books as well"
negative,inside pockets,52,14,"i need many pockets but there is only one pocket in big bag,lot of pockets in n out,it has 3 outer pockets and 1 small pocket inside,there are two slip pockets on one side and two zippers pockets on the other side,also there are two pockets a small compartment inside the bag"
negative,pocket is torn,99,42,"the fabric is cut from one side and the pocket is torn,the inside compartment of the merchandise is torn,torn out patch line noticed at the bottom of the handbag,the inside pocket is found to be torn,received the bag with inside lining is torn"
positive,rest all good,25,9,"rest very good at this rate,rest its so good looking,rest the product is good,rest overall product is good,rest all are good"
negative,not new,61,23,"its not new item seems that it is used one,the item is not new it is used,the item is used and not new,this is not a new piece,the item is not looking new"
negative,expected better quality,244,91,"returning it so that i could buy a better one,will get better quality things from the roadside,i just want to buy an better item quality wise,i was expecting a better quality as per the price i paid,i was expecting better quality and more space as per the price that i have paid"
negative,short straps,195,69,"the strap are small in size very uncomfortable to use,its toooo big n strap is small,unable to hang it over shoulder as the handle s very short,the strap is also very short,the size of straps is small"
positive,good straps,43,12,"the quality is too good and straps seems to be strong,a beautiful piece just the strap should be of more good quality,the straps are strong enough to hold the weight,the straps are of good quality too,the straps adjust very well big range to be able to size appropriately"
negative,looks untidy,44,18,"it is completely damaged and used worthless,this is very unprofessional,unfortunately this makes it unusable,what nonsense is that,so much unprofessional and unethical"
negative,stitches are loose,64,28,"stitches are loose and threads are coming out of it,stitches are loose coming off at some edges,item is damaged stitches are very loose,the stitching is coming off from the edges,the stitch is already getting loose"
positive,shiny color,22,8,"it is much more shiny than in pictures,so shiny loved it must buy,looks so bright and shiny,very shiny product and it is amazing,so shiny so smithy so beautiful and its designs pattern great"
positive,using regularly,25,6,"i have started using it everyday while going out,i am a regular user of the brand,great i am using regularly,i am using regularly from 1point5yrs,she really loves and has been using it regularly since november"
positive,good comfortable,573,124,"very nice and that and very comfortable and too good,it is good and she is using it very comfortable,very very cute comfortable and nice exact as shown in image,i like it very much very comfortable apart my expectation,its too good to looking and comfortable and gorgeous too"
positive,excellent craftsmanship,26,4,"very good look with fine craftsmanship,workmanship is really good,excellent workmanship and quality,truly appreciated the craftsmanship thanks,also sturdy and of good workmanship"
negative,no chain,145,48,"moreover it doesnt have any lock or chain system,the scarf multi color one is not there plus there is no chain inside for anyone,no lock button no hanging chain no long chain,there is no hanging chains on the front side,moreover it does not contain any chain within"
positive,strong smell,16,7,"also it had a strong smell to it,it has strong smell too,came with a strong smell,the product gives a strong smell,the stenching is also good"
negative,not comfortable,1451,603,"i this not good quality and it is not comfortable,not in proper condition and does not look good,i did not find it in a suitable condition to use,its not good product and its not comfortable to me,its doesnt look good and not comfortable"
negative,stiff material,35,15,"even the material is stiff,quality is not up to the mark material is too stiff,the material of the product is very stiff and that is not comfortable,material seems very stiff,it is very stiff"
